AccountNumber,CustomerName,Balance,Currency,TransactionDate
4501996041,Christina Aguilar,6475.55,JPY,2024-01-24
9556982685,Joseph Merritt,46987.74,VND,2023-08-20
4200407027,Sean Walker,4003.28,GBP,2024-06-19
9991366969,Dr. Charles Lucas,6908.52,GBP,2024-10-16
1562864002,Yolanda Merritt,35576.2,GBP,2024-03-22
9632496610,David Black,25984.54,EUR,2023-09-29
1676515607,Joseph Miller,10836.89,EUR,2024-03-08
6620681901,Heather Smith,9449.03,GBP,2024-01-29
6762461243,Stacey King,31057.19,VND,2024-07-12
2971747882,Grant Phillips,39904.99,GBP,2023-03-18
3737244338,Colleen Archer,19239.27,JPY,2023-11-18
7375464725,Rebecca Phillips,19096.05,USD,2024-08-31
2799654877,Theresa Wood,40688.71,JPY,2023-11-12
9197190047,Travis Flores,17253.26,EUR,2023-09-05
1571547052,Mary Burnett,187.03,JPY,2024-09-19
4269219854,Bryan Jones,24039.64,VND,2025-02-13
1745633544,Jill Nicholson,4876.27,GBP,2024-10-29
9760344481,Dennis King,14695.21,VND,2024-09-01
6761433566,Tiffany Ellis,43034.77,JPY,2023-04-07
7466191215,Amanda Sanchez,17496.83,VND,2024-10-17
9647029835,Emily Reed,21932.68,GBP,2024-03-24
5464205361,Sandra Johnson,37338.16,EUR,2025-01-12
7809175764,Mitchell Green,16796.04,VND,2023-10-04
9115177300,Zachary Perry,14335.59,EUR,2024-05-05
5561070499,David Thomas,6753.66,JPY,2024-06-05
5714086166,Travis Flores,45531.56,VND,2025-02-03
7375982115,Jennifer Lee,14402.81,EUR,2024-10-24
6742671835,Jill Medina,14295.63,JPY,2024-08-03
7288239357,Jennifer Santana,10364.81,EUR,2024-07-31
1936941657,Dustin Fernandez,11708.37,EUR,2023-07-18
9766766846,Brian Powell,16797.87,GBP,2023-07-20
9621476454,Jesus Bishop,35111.65,JPY,2023-06-04
9272805531,Justin Richardson,44352.73,GBP,2024-08-23
6992154194,Rick Collins,33860.3,GBP,2024-11-07
1701918120,Nicole Garcia DVM,26190.05,GBP,2023-12-02
1994906430,Gregory Soto,6725.93,USD,2023-12-24
1065298461,Mark Montgomery,18933.27,USD,2024-03-19
7320486211,Judy Edwards,23803.23,JPY,2024-01-01
7920578214,Amber Hensley,30151.88,JPY,2024-02-14
3847310065,Chelsea Zamora,918.77,EUR,2024-03-27
5815798685,Laura Salas,41961.06,USD,2024-04-14
7472321660,Abigail Lucas,41028.54,USD,2024-05-19
3553217829,Veronica Tanner,14746.49,GBP,2024-05-19
2002296345,Phillip Benson,39598.63,JPY,2024-10-22
8082740383,Holly Richardson,44027.48,USD,2023-03-22
2474503284,Angela Miller,2908.02,GBP,2024-08-18
4011378494,Melissa Kidd,5890.63,GBP,2024-06-07
5349960108,Chad Martinez,1756.54,VND,2024-05-04
7941414203,John Perez,10125.77,EUR,2025-02-11
4434358041,Jeffrey Zavala,8638.35,JPY,2024-11-28
2972259413,Leonard Boone,39718.36,USD,2023-04-03
3300268043,Lisa Barker,29682.87,GBP,2023-11-01
7963087461,Tara Howard,30463.79,VND,2025-02-02
6418537070,Mia Harris,45149.09,VND,2024-06-21
7574662290,William Perez,11602.45,EUR,2023-10-02
8614015352,Shelly Randall,15021.05,USD,2023-05-17
8066971684,Kenneth Wilson,34923.81,JPY,2025-01-08
3950044237,Louis Harris,31055.04,JPY,2024-02-03
3935037321,Ricky Green,15900.43,EUR,2024-05-22
4551039064,Lee Rodriguez,25419.91,GBP,2023-08-13
2380407004,Jennifer Marshall,39160.6,USD,2024-12-10
5321384951,Joseph Gray,10479.01,EUR,2024-01-08
7441268376,Emily Pollard,29825.7,JPY,2025-01-31
3570366937,Susan Wilson,33187.45,GBP,2023-04-19
4125675553,Michael Miller,3935.66,JPY,2023-07-26
3684519925,Kathleen George,37329.65,EUR,2024-12-23
2176340513,David Allen,21889.15,USD,2024-08-20
4111683699,Thomas Martin,28258.91,EUR,2024-01-08
6692056906,Brooke Lopez,47214.79,JPY,2025-01-22
1697733407,Nicholas Jordan,8628.96,JPY,2024-04-07
7921095008,Tim Hopkins,37866.43,VND,2024-11-24
3933851361,Heather Diaz,17706.24,EUR,2024-06-17
2471014680,Martin Arnold,26533.67,VND,2025-03-06
4996790004,Susan Ramirez,23723.64,USD,2023-08-09
3071673996,Nicole Hill,14756.14,EUR,2024-01-30
9528930946,Melissa Griffith,25581.66,VND,2023-03-18
4533138413,Christopher Barnes,14195.36,VND,2024-02-07
8914064001,David Rosales,36529.09,GBP,2023-09-07
4886008728,Tina Jenkins,8934.51,GBP,2024-03-06
6414770472,Kimberly Miller,19929.18,JPY,2025-01-19
5233928288,Jennifer Holloway,34307.28,EUR,2023-05-02
3028608598,Erin Castaneda,39903.1,GBP,2023-03-23
9689559689,Anna Valentine,44866.56,JPY,2024-11-25
3766135534,Karen Graves,30562.06,JPY,2023-09-11
7549193022,Valerie Goodwin,32169.33,EUR,2024-06-16
8974105187,Evan Gutierrez,23846.02,VND,2024-06-30
1713358322,Thomas Fletcher,21016.5,JPY,2024-11-16
5716472426,Dr. Alexandra Andrade,27497.1,GBP,2023-04-11
9541448535,Damon Sullivan,14434.31,JPY,2024-06-21
8227431495,Jamie West,33264.55,GBP,2024-01-27
3832207709,Steven Burke,25964.56,EUR,2023-11-11
4304412415,Karen Rios,26555.15,USD,2023-10-20
9661354150,Brandy Kelley,46171.25,JPY,2025-01-19
1063404271,Janet Cole,4433.47,USD,2023-11-26
6533705330,Christina Barker,41996.84,VND,2023-12-06
9769944433,Donald Blake,45743.5,EUR,2023-07-18
8155027014,Eric Singh,5423.23,EUR,2024-01-09
1468134974,Jorge Crosby,8664.2,VND,2023-06-14
6087771232,John Ruiz,24635.83,VND,2025-01-22
9254689344,Terri Norton,19408.64,USD,2024-09-20
4800933040,Evan Jones,35670.25,JPY,2024-04-06
7939596318,Stephanie Beasley,46609.17,EUR,2024-09-15
6154283682,Madison Fisher,13514.8,EUR,2023-03-12
7978336825,Jason Carter,16327.55,USD,2024-07-29
5834547777,Daniel Copeland,38065.07,USD,2024-04-04
8374976925,Billy Short,3534.09,EUR,2023-06-28
6123529307,Robert Williams,1951.52,VND,2025-02-26
3711971861,Jeffrey Medina,43997.56,USD,2024-12-19
3608576077,Priscilla Graves,41620.54,JPY,2024-09-07
2900273636,Mrs. Amy Mann,617.9,USD,2023-09-28
5011493200,Margaret James,1434.81,EUR,2023-04-06
7899415017,Thomas Carter,29753.6,VND,2024-05-24
6092989237,Hannah Mathews,25153.76,EUR,2025-01-24
2468280228,Cheryl Lee,39946.39,GBP,2023-05-31
4378930983,Katherine Lee,14475.74,VND,2023-04-10
3057009214,Gail Williams,43531.42,JPY,2023-10-09
6575497302,Shane Smith,37766.2,VND,2024-07-31
8386893884,Sarah Ponce,12748.77,EUR,2023-11-17
6251247591,Tina Chavez,11252.76,EUR,2023-12-05
4352383012,Stephen Pollard,37016.44,USD,2024-01-01
7249538996,Cynthia Mcgee,3294.92,VND,2024-10-14
9890337099,Andrew Vega,7025.83,GBP,2024-12-16
9271560378,Karina Miller,27195.29,VND,2024-05-23
6088678477,Michelle Morgan,10628.33,USD,2024-04-01
6696962736,Kevin Fisher,23109.75,EUR,2023-03-12
9683897061,Kristen Irwin,44211.96,EUR,2023-04-08
1760776619,Diana Sandoval,39386.08,JPY,2024-08-04
5877499054,Christy Smith,21865.45,JPY,2024-10-15
8231431424,Charles Nguyen,15280.7,JPY,2023-09-18
7416154099,Bethany Smith,11999.35,VND,2024-10-16
9043118224,Sarah Wong,42447.55,USD,2024-10-04
4416426753,Megan Roberts,11165.97,USD,2024-03-03
7068766734,Christina Bolton,6590.51,GBP,2023-07-01
1490650974,April Schroeder,43218.81,USD,2024-09-27
9562773424,Edwin Silva,12308.24,JPY,2023-05-11
4740571680,Noah Wade,4302.7,GBP,2023-12-13
2802374921,Kristen Garcia,176.33,USD,2023-06-21
9974756281,Kimberly Wilson,7217.24,GBP,2024-08-17
1359701475,Stephen Smith,19052.93,EUR,2024-10-19
8771156569,Elizabeth Reeves,24783.36,JPY,2025-01-29
8664819591,Logan Dominguez,45170.04,EUR,2024-07-19
7615661448,Michelle Hanson,20732.45,EUR,2024-02-28
5609368228,Alexandra Tucker,39014.68,EUR,2025-02-03
4146086705,Sherry Patterson,9917.59,JPY,2023-08-17
6150558574,Reginald Arnold,22005.31,VND,2024-01-25
8148837099,Donald Robinson,21390.6,USD,2024-10-01
9592485096,Johnny Lawson,25200.37,GBP,2024-05-05
9179910809,Tara Ritter,19911.38,USD,2023-11-17
7023316379,Anna Stephens,8874.3,VND,2024-01-02
1778139275,Shawn Stout,40628.56,VND,2023-04-29
3037410357,Lori Alexander,40935.17,USD,2024-07-22
8277669887,Joyce Lee,39520.55,GBP,2024-12-20
5070108978,Chelsea Davidson,5393.6,JPY,2023-09-17
8790566233,Scott Johnson,33635.85,USD,2023-06-08
7394537576,Dana Chapman,7048.18,USD,2023-06-09
4559787449,Jacob Little,32879.49,USD,2024-07-29
5099871855,Crystal George,35761.57,USD,2024-05-30
7823682750,Michael Lang,37766.91,GBP,2023-07-31
5292774488,April Sanchez,40444.85,JPY,2024-06-27
8872537481,Julie Kemp,2428.85,VND,2023-08-15
8905591986,Jason Jordan,20908.36,EUR,2023-05-30
8245073432,Ryan Knapp,4727.97,USD,2024-06-06
8709671996,Cody Miller,47321.16,JPY,2023-09-09
2015472010,Timothy Duarte,6842.74,GBP,2024-09-06
2443180273,Michael Bailey,44196.11,VND,2024-08-21
3772304966,James Medina,36570.84,VND,2024-12-06
2469689693,Lance Perry,26688.37,JPY,2023-05-29
3973572790,Sophia Payne,14270.17,EUR,2024-05-20
6181301350,James Campbell,4259.97,EUR,2024-03-16
4271352094,Patrick Myers,17758.38,USD,2024-01-30
6373131393,Diana Fuller,11592.26,USD,2024-11-09
5673671817,Tyler King,45533.93,VND,2024-08-24
9942369213,Brittany Schroeder,43859.34,USD,2023-11-08
3771696630,Stephanie Anderson,1099.06,USD,2023-08-23
3473793145,Ronald Pham,25784.11,EUR,2023-06-11
5051648115,Alicia Benjamin,44855.56,EUR,2024-11-17
5720578712,Deanna Bates,27895.52,GBP,2024-07-23
8779238768,Brian Thomas,31696.03,USD,2024-04-24
8638526774,Phillip Ray,6486.47,EUR,2024-02-06
4154378516,Devin Anderson,22158.0,EUR,2024-06-16
1550937913,Bethany Lyons,42391.91,USD,2023-10-17
8776031932,Jennifer Hobbs,11586.99,JPY,2024-01-24
8875492616,John Roberts,15852.94,GBP,2023-07-05
1927993279,Regina Hahn,8100.27,USD,2023-03-31
1164053746,Rebecca Miller,25805.04,VND,2023-03-17
7386854137,Katherine Jones,44003.94,EUR,2023-10-26
2946211981,Sheila Robertson,14353.2,USD,2025-02-14
9319148995,Roberta Hayes,21992.45,JPY,2024-10-06
8574621334,Mark Smith,23832.45,EUR,2023-08-25
5528249607,Casey Perry,30501.0,GBP,2024-04-16
6029371417,Thomas Harrison,6894.83,GBP,2024-12-13
9606847002,Alexa Wilson,30935.52,USD,2023-07-05
4060199104,Charles Edwards,8998.19,EUR,2024-07-13
6280445163,Gregory Taylor,48983.17,JPY,2024-05-05
9276996096,Christian Butler,6288.61,EUR,2024-06-05
4394870132,Ashley Porter,15014.15,JPY,2023-10-31
3679956141,Denise Jones,7854.17,GBP,2024-04-30
7011904381,Brandy Rhodes,42796.97,GBP,2024-09-17
5553159973,Connie Spears,36343.49,USD,2024-08-11
7698898903,Ian Good,36126.68,JPY,2023-05-17
7838036313,Tracy Jimenez,24369.42,USD,2024-01-12
9592610375,Brandon Williams,26833.39,EUR,2025-03-07
9587412873,Tina Cook,22380.13,VND,2023-11-03
1717317951,David Gomez,31872.83,EUR,2023-11-22
3666302650,Theodore Williams,37611.16,EUR,2024-12-19
7195918952,Jesse Fuller,11464.12,USD,2023-03-25
9523982887,John Terry,25731.72,JPY,2023-06-25
5475229260,Antonio Green,22552.98,VND,2025-03-07
8128758775,Tasha Patel,28426.89,GBP,2023-04-15
3309844204,Theresa Edwards,5263.92,GBP,2024-02-08
2771346751,Vanessa Simmons,17218.74,USD,2023-10-18
8331374770,Valerie Moyer,14621.52,JPY,2023-03-16
5068842420,Joseph Rodriguez,1097.62,VND,2024-01-17
3825319055,Matthew Bryant,34194.22,EUR,2024-08-16
8109992350,Barbara Phillips,42298.38,USD,2023-06-01
7242845532,Shelia Stephenson,36299.78,EUR,2023-04-25
6804148052,Jonathan Brown,21070.17,USD,2024-09-29
7874482139,Alyssa Padilla,43516.35,USD,2024-04-22
7600524159,Joseph Garcia,40378.97,VND,2023-12-28
5380633159,Kimberly Ferguson,3465.94,VND,2025-03-03
3775193717,Catherine Estrada,16956.05,VND,2024-07-16
6064514391,Anthony Jones,12003.07,USD,2024-02-01
1938027798,Kimberly Jones,28057.83,USD,2023-09-13
4021506751,Cynthia Flores,25707.53,VND,2025-01-12
4745691608,Sharon Sanchez,24641.04,GBP,2023-03-15
3570839723,Ashley Hansen,38615.51,USD,2024-08-16
7823407620,Michael Fleming,21897.8,GBP,2024-04-16
6824388694,Amy Walker,44752.03,GBP,2024-10-18
3904673082,Michaela Vega,36056.5,USD,2024-04-18
7118998612,Maxwell Clark,21182.91,VND,2023-05-22
7662307418,Daniel Williams,7699.61,GBP,2024-02-09
7816319299,Marissa Alvarado,8876.39,VND,2024-12-27
9990738431,Kevin Franklin,564.69,EUR,2023-08-03
5780927273,David Lawrence,34076.29,JPY,2024-11-04
9222750704,Jacqueline Martinez,8132.34,VND,2023-04-01
4736627274,James Nelson,26154.56,USD,2023-11-30
1210181128,Russell Grimes,8297.7,USD,2023-05-18
6608330681,Sandra Walker,43012.2,VND,2024-03-31
6266398733,Amy Pena,46526.52,GBP,2024-02-09
8098319007,Tina Williams,46978.18,JPY,2024-09-16
2873726256,James Taylor,25443.14,VND,2024-07-19
9425189594,Jessica Ward,18554.94,JPY,2024-06-18
3413739968,Paul Brown,3872.99,VND,2023-08-31
3003128646,Monica Gates,16970.68,USD,2024-11-28
7684801187,Bianca Friedman,15865.23,USD,2025-01-06
5250778184,John Solis,45461.58,USD,2024-04-17
1844783201,Emily Shaw PhD,49887.39,VND,2025-01-21
3891015347,Gloria Rodriguez,15075.05,VND,2024-03-19
1486883106,Nicole Johnson DVM,42049.77,USD,2024-04-05
4326009650,Nathaniel Wilson,16268.4,USD,2024-12-27
3638647088,Emma Wallace,43602.44,USD,2024-12-09
4883918655,Dr. Kenneth Anderson,47670.95,GBP,2025-02-14
2954925111,Chad Baker,33528.18,EUR,2023-09-09
7473629506,Ryan Smith,4436.55,JPY,2024-12-20
2476534931,Patricia Brown,33511.51,EUR,2024-12-06
1578374770,Jamie King,31571.34,JPY,2023-08-04
8021139663,Paul Hayes,17363.06,VND,2025-03-10
4160275484,Sara Gonzalez,42941.38,GBP,2023-06-17
1977242471,Michael Hill,26521.88,GBP,2024-09-18
9173264563,Joseph Harris,30132.35,VND,2025-02-07
5898682468,Katherine Rivera,1814.61,EUR,2024-12-26
3620570342,Lacey Guzman,13117.66,JPY,2024-08-07
1379749478,Joan Fowler,11111.42,EUR,2024-03-08
6878606178,Wendy Osborne,12163.25,JPY,2023-07-26
4960784276,Daniel Navarro,18857.9,JPY,2024-07-21
9187035598,Rebecca Marsh,20726.28,EUR,2024-01-09
4849466864,Jeffrey Caldwell,35196.72,VND,2024-03-23
7474964266,Colin Mcgee,8979.08,VND,2023-04-23
7893830446,Ashley Alexander,29142.43,VND,2023-11-25
7708064025,Sherry Johnson,43367.78,GBP,2024-12-06
1203169963,Emily Grant,1538.8,EUR,2024-01-27
1383094508,Rachel Cantu,43005.95,GBP,2024-06-29
5838914580,Emily Morrison,10045.92,USD,2023-03-26
7004048551,Kaitlyn Miller,28730.58,USD,2024-06-30
4029681574,Chad Walters,5166.99,GBP,2023-08-16
9010160786,Richard Salazar,973.05,GBP,2024-04-20
5506573811,Joshua Gonzalez,5193.43,VND,2023-03-11
5614515531,Ronald Thomas,25429.66,JPY,2023-04-26
9691483881,Sarah Juarez,6038.19,VND,2024-07-05
9554272057,Madeline Clark,9487.29,JPY,2023-06-17
4988047948,Austin Parker,34398.93,USD,2023-12-25
1132607515,Regina Allen,34544.22,JPY,2024-07-09
2696699655,Russell Morris,13583.98,EUR,2023-11-16
4964900343,Helen Esparza,4303.05,GBP,2023-05-03
6100266015,Latoya Thompson,15824.46,JPY,2024-06-11
7081404764,John Freeman,776.33,GBP,2023-09-07
8642910708,David Montgomery,25370.52,JPY,2024-08-06
4191629983,Kathryn Jones,12351.29,USD,2024-06-24
5694377147,Chris Davis,27067.47,USD,2023-11-02
5678012708,Joe Brown,41315.5,VND,2023-11-27
4988548968,Pamela Walker,25942.23,GBP,2024-11-07
9836239895,Kenneth Morgan,25666.26,EUR,2023-08-16
5498198164,Emma Lowery,43909.04,VND,2024-05-30
3655313683,Jason Porter,28627.9,GBP,2025-01-25
7259630637,Robert Norris,29119.62,VND,2023-09-08
9783695627,Joseph Hardy,16915.13,USD,2023-08-27
2542178169,Kristen Berry,15166.5,EUR,2025-01-24
4795361504,Brandi Espinoza,25107.61,VND,2024-04-04
8418468655,Alex Hurst,6430.33,JPY,2025-02-08
1867940082,John Walls,44654.16,JPY,2023-07-17
5838529959,Kelly Clark,19161.03,GBP,2023-05-08
7565474733,William Fernandez,22484.87,JPY,2023-11-05
8125994322,Timothy Adams,8706.48,USD,2023-11-30
9729193322,Kenneth Molina,27726.34,GBP,2024-03-01
9143918713,Rhonda Chapman,522.07,USD,2023-06-12
9268604071,Lori Mann,15247.73,EUR,2024-12-26
9577082697,Christopher Wilson,37347.2,JPY,2023-08-03
3050105964,Ethan Cox,32137.86,GBP,2023-04-24
6301110383,Matthew Ramirez,34402.18,VND,2023-09-02
7460715305,Mrs. Jessica Ramirez,6936.52,JPY,2023-10-30
7397022561,Briana Collins,40312.4,GBP,2024-11-02
5123580409,Roger Wilson,36649.61,USD,2024-10-22
7232129653,Kristen Foster,37731.67,JPY,2023-12-25
1593191104,Nancy Stephens,31047.35,GBP,2023-09-03
4549366733,Alison Koch,49610.38,USD,2023-10-16
3819413578,Gabriela Leonard,16859.78,VND,2023-08-01
1623123947,David Mitchell,18231.96,JPY,2023-05-17
8733244650,Juan Chan,38148.71,VND,2024-04-15
8682393827,Heather Murray,41169.41,GBP,2024-05-01
2658224932,Austin Jones,16190.75,USD,2024-04-30
5555075508,Kyle Walker,25389.27,USD,2024-09-11
6045075242,Connor Brown,2281.36,VND,2024-01-10
7813046640,Melissa Lewis,31223.49,EUR,2023-09-04
3310555655,Andrew Mays,12868.51,VND,2023-07-12
3194966840,Brian White,47213.25,JPY,2025-02-16
7753187086,Deborah Acevedo,4643.69,JPY,2023-08-31
1342262739,Julie Collins,44393.11,USD,2024-06-10
7752924925,David Martinez,39399.0,USD,2024-10-14
5755713728,Michael Burnett,8258.85,EUR,2024-05-26
9800590838,Jennifer Christensen,43753.12,VND,2024-08-05
1385884460,Connie Oneal,27797.71,VND,2023-07-02
7918767146,Mr. Robert Brown,33407.35,GBP,2024-04-10
6898798742,Jean Alvarez,7269.84,GBP,2023-05-12
6525010313,Samantha Johns,32101.72,GBP,2024-09-15
7319271685,David Nichols,3663.29,GBP,2024-06-13
9379836503,Andrew Marquez,9707.19,VND,2023-03-23
7869520227,Cindy Miller,22181.25,EUR,2023-12-23
8291677911,Joshua King,1057.87,VND,2023-09-24
3844452281,Emily Richmond,39314.47,GBP,2025-02-20
5845745316,Michael Escobar,9887.24,VND,2023-05-13
4924536536,Patricia Quinn,9342.96,JPY,2023-12-03
6028328603,Tyler Avila,17831.08,EUR,2024-02-05
6786341636,Pamela Mueller,44290.67,JPY,2025-03-05
3306728063,Shawn Rogers,7453.7,GBP,2023-05-23
6238646964,Mia Ortiz,16519.04,EUR,2025-01-15
9708506610,James Jordan,45883.96,EUR,2024-02-06
5024358048,Robert Stephens,40146.06,EUR,2023-07-12
2334053660,Michael Myers,15504.95,JPY,2024-12-11
9140999282,Nicholas Watkins,30751.01,JPY,2024-03-21
1669281661,Michael Rodriguez,35185.76,JPY,2024-08-20
1765251016,Laura Cook,44474.05,USD,2024-07-05
3952471621,Jennifer Sutton,48377.58,USD,2023-12-30
4364967805,Ray Cook,22150.37,JPY,2023-10-05
6976834850,Allison Mendez,29603.93,JPY,2025-02-28
6427577936,Shannon Jensen,2149.11,JPY,2023-09-11
5951384866,Nathan Keith,22890.11,EUR,2024-03-29
2446495189,Tracy Olson,20333.01,JPY,2024-01-17
2050470638,Crystal Black,26402.92,VND,2024-03-30
2500198792,Mark Jones,3542.16,USD,2023-12-08
5299684580,Amy Gaines,35088.52,GBP,2024-11-01
3342765021,Daisy Davis,23287.28,GBP,2024-01-11
2968056509,Amy May,28232.13,USD,2024-07-01
4174062862,Alexandra Young,6288.61,USD,2023-05-20
5858442253,Christopher Simmons,31434.41,JPY,2024-11-05
2428283896,Susan Castro,15016.25,GBP,2024-01-21
5768353522,Phillip Thompson,3975.13,VND,2025-01-06
5207264577,Johnny Robinson,5734.74,JPY,2024-05-16
3600396772,Jennifer Marshall,23258.1,EUR,2023-06-20
7343077831,Dennis Myers,46024.64,USD,2024-12-01
5979589548,Scott Mann,4425.47,EUR,2024-11-26
1984252255,Megan Schwartz,23506.35,USD,2024-05-20
2590001609,Manuel Mason,36874.22,JPY,2024-08-19
9955604048,Joseph Moody,13221.74,EUR,2024-02-11
4912745992,Jennifer Adkins,38345.73,USD,2024-05-13
1249679460,Alexander Morrow,47282.54,USD,2023-03-18
4102787333,Candice Salazar,45808.98,USD,2023-05-21
9540813498,Oscar Martinez,39277.0,VND,2024-12-02
4045315762,Charles Pratt,48942.34,JPY,2024-05-09
4161686403,Albert Jackson,12988.07,JPY,2024-05-28
2303723979,Samantha Smith,30598.19,EUR,2023-11-23
4370119732,Sonya Campos,43210.41,VND,2025-01-04
1947697322,Jon Perry,38883.14,VND,2024-07-09
4771822687,Karla Hanson,25116.72,EUR,2025-01-14
2315294449,Kenneth Richardson,41905.08,JPY,2024-11-18
8034697301,Jessica Fleming,10048.68,GBP,2024-11-20
9137279277,Gary Padilla,45638.75,USD,2023-04-17
7301341883,Stephanie Fields,41575.05,USD,2023-05-05
6287612749,Daniel Young,2237.0,JPY,2024-06-10
7935470686,Steven Anthony,27280.05,JPY,2023-05-28
2950893318,Summer Boyer,43620.17,JPY,2023-03-18
3141514602,Lisa Baker,18368.71,EUR,2024-12-30
4445125444,Katherine Lee,22155.64,EUR,2023-03-24
3528793858,Kelsey Massey,6379.79,JPY,2023-12-14
4470396680,Elizabeth Ward,39506.43,VND,2023-08-27
9158103102,Charles Graves,22549.16,EUR,2024-06-12
2760807912,Joseph Hayes,6451.46,EUR,2023-12-31
7302516462,Michael Gordon,23814.21,GBP,2023-06-16
2580377334,Kelsey Morrison,46550.44,JPY,2025-02-06
3965147174,Jessica Mills,1210.44,JPY,2024-05-19
3521073656,Elizabeth Parker,10517.08,JPY,2024-10-17
9506078809,James Sosa,26093.73,EUR,2023-04-12
2386857576,Kevin Peters,43601.68,VND,2024-12-22
5788714355,Steven Parker,19143.19,VND,2023-11-28
9744331656,Amanda Gutierrez,6396.8,EUR,2023-09-20
5947578757,Brandi Price,21743.59,EUR,2023-12-25
5020481400,Kelly Randall,10654.6,EUR,2023-07-04
9195808879,Alicia Lopez,5558.07,EUR,2024-03-10
1035418005,Shane Fuentes,44368.55,JPY,2023-04-19
5375556148,Adam Howard,32403.94,EUR,2023-09-10
4064048597,Matthew Henry,48650.87,USD,2024-02-05
1168544678,Jennifer Hill,3026.28,USD,2023-07-08
6498884055,Gregory Ramirez,32305.18,JPY,2024-11-27
1141293396,Hannah Morales,25517.07,USD,2025-02-28
3031889242,Cynthia Schwartz,8206.88,EUR,2024-07-15
7943349918,Alison Fernandez,24189.61,GBP,2024-04-16
7701942689,Jason Peterson,6529.64,GBP,2024-01-28
4790192081,Daryl Gonzalez,43441.31,VND,2023-04-22
6476272687,Mr. Robert Mclean Jr.,30582.95,JPY,2024-04-07
8076640447,Joseph Tucker,44929.33,JPY,2023-07-03
2442002412,Latoya Greene,44722.25,GBP,2024-12-10
3332391699,Rachel Gilbert,29300.83,USD,2024-03-17
4256375000,Thomas Martin,23842.61,USD,2023-12-21
7097466723,Benjamin Thompson,45097.87,VND,2023-11-21
5243260657,Sylvia Parrish,34352.38,VND,2024-11-27
8158042966,Jordan Knox,42404.19,VND,2024-07-29
2404846031,Angelica Kim,16831.94,EUR,2023-09-01
3750687818,Carlos Wright,40748.12,JPY,2023-11-02
4013030452,Nicholas Levy,32078.72,EUR,2024-10-13
8719743935,Darrell Edwards,10977.77,JPY,2024-03-03
8125869681,Kathleen Davies,26249.47,EUR,2023-08-04
3423044911,Derrick Pierce,42460.91,JPY,2023-07-02
7152460674,Marisa Carlson,9971.02,JPY,2024-04-20
8952939405,Michael Nichols,33517.8,EUR,2025-01-11
7496434539,Rebekah Hayes,27625.55,VND,2024-03-31
2027831525,Eric Mann,48458.96,VND,2023-10-09
4222602027,John Reyes,32314.07,EUR,2023-11-14
9461640439,Patricia Smith,32716.77,GBP,2024-12-13
5000534678,Logan King,28659.9,GBP,2023-07-21
2443403463,Arthur Mcclure,2439.94,GBP,2023-06-13
8981899248,Mr. Ian Sexton PhD,35544.22,GBP,2024-11-08
5600736793,Jeffrey Zavala,17831.41,VND,2023-12-11
4401290020,Donald Jensen,707.08,JPY,2024-01-26
3967499615,Christopher Martinez,2042.25,VND,2025-02-05
1973095680,Melanie Flores,35485.1,JPY,2024-01-13
1082095580,Rachel Pena,46656.56,JPY,2024-06-18
6380488947,Lee Martinez,35517.39,GBP,2023-12-07
5149151943,Shirley Flowers,28921.61,EUR,2024-01-31
8351676891,James Ramirez Jr.,49012.12,EUR,2024-01-17
9200951911,Gregory Henson,47927.73,EUR,2023-07-09
9948803879,Paige Smith,4411.71,JPY,2024-12-02
9366057378,Lori Morales,21331.58,GBP,2024-06-01
4718494490,Katherine Le,15817.57,VND,2024-12-12
5356720191,Brandon Reed,8491.45,EUR,2023-06-14
1052883740,Allen Richards,7286.11,GBP,2025-01-10
8994284248,Brian Briggs,24504.27,USD,2023-10-10
6429252573,Aaron Patton,43177.75,USD,2023-04-29
4680132237,James Reyes,25167.78,JPY,2023-08-31
6760245959,Aaron Lam,20472.7,EUR,2024-05-29
8051030826,Donald Silva,28608.49,USD,2023-05-10
6080013042,Cheryl Allen,10797.49,EUR,2024-11-09
2744350953,Sean Deleon,18893.16,JPY,2024-12-30
2959489745,Benjamin Avery,22403.45,JPY,2024-07-11
1739300841,Dylan Arellano,17147.36,VND,2024-01-09
5799642747,Tracy Mathis,7237.12,USD,2025-02-23
7175806534,William Wilson,45076.77,USD,2024-12-27
4942334478,Kathryn Thompson,2185.61,USD,2024-05-11
3190228763,Edward Alvarez,47110.78,EUR,2024-12-26
8588228201,Candice Michael,4876.27,VND,2023-12-03
3224499471,Mrs. Susan Zimmerman DDS,4432.96,VND,2023-10-14
8147365900,Christopher Aguirre,48960.6,USD,2024-08-22
4866417259,Sophia Keith,33645.56,VND,2023-08-07
2948104339,Cody Chan,14356.14,JPY,2024-12-23
1506711760,Elizabeth Garcia,27968.92,GBP,2023-04-29
5866088805,Connie Miller,49055.03,GBP,2023-07-26
8347552325,Brian Powers,36707.16,VND,2025-02-27
5964520951,Kelly Barnes,23596.85,JPY,2023-07-04
8882619983,William Martinez,22938.47,EUR,2023-11-02
5359790601,Brian Barnes,19720.05,JPY,2024-06-16
6683298578,Dylan Vincent,46076.85,JPY,2024-12-27
1055845162,Pedro Johnson,38718.25,GBP,2023-09-12
7313650538,Walter Caldwell,26719.67,VND,2024-04-02
7763135428,Kenneth Hughes,25366.45,JPY,2024-11-10
5344391116,Christopher Anderson,22674.97,JPY,2023-10-19
1913016061,Ashley Coleman,38867.35,GBP,2023-12-09
9606993075,Samuel Harris,18585.74,VND,2023-10-28
7453559017,Mary Lewis,21517.79,EUR,2025-03-07
5863845403,Steven Cruz,34886.29,EUR,2023-12-09
6909470553,Mia Mcintosh,34146.71,USD,2024-01-15
3893843734,Pamela Chapman,43927.69,USD,2024-12-26
6239361802,Phillip Kennedy II,41014.97,USD,2024-02-18
8523642618,Pamela Johnson,24206.35,JPY,2024-04-29
7315311880,Donald Gould,8890.25,GBP,2023-05-03
7453622762,George Roach,1682.06,USD,2023-10-25
5096426756,Robert Fernandez,31814.88,JPY,2023-09-06
8140885874,Gregory Buck,11922.69,VND,2023-08-08
8128753716,Brian Maddox,16469.68,VND,2023-09-24
4045075589,Kimberly Obrien,23547.88,GBP,2023-10-30
7558699076,Tony Spencer,4753.8,VND,2024-06-22
1725857243,Joshua Coleman DDS,31323.19,VND,2023-11-16
9385958220,Sarah Gray,97.06,EUR,2023-06-17
3146501628,Bobby Cooper,11317.75,JPY,2024-06-29
7413923886,Harold Walsh,26321.24,USD,2024-03-29
9758997574,Robyn Randolph,43844.9,EUR,2023-03-27
6588814944,Michele Love,3468.31,EUR,2025-01-10
2905061866,James Li,9501.36,VND,2024-12-03
6586266069,Lawrence Mann,7153.95,VND,2024-10-15
2093461543,Morgan Jones,46243.58,EUR,2023-09-06
8667496282,Jennifer Green,33662.64,EUR,2023-11-16
6477625857,Tammy Ramirez,42339.27,JPY,2023-05-30
1452641025,Jacqueline Gordon,23052.45,JPY,2023-09-28
9132208553,Jennifer Davis,2129.85,USD,2023-10-29
1044711328,Megan Lawson,40311.74,USD,2023-10-01
8628814933,Rebecca Evans,9119.7,USD,2023-10-26
2755217538,Kelly Reid,33228.63,GBP,2023-09-29
8469985975,Dawn Roberts,19662.6,GBP,2024-04-11
3261252306,Austin Joseph,7858.73,VND,2023-10-24
9574791038,Regina Carlson,13163.0,EUR,2023-07-22
9568086455,Aaron Rodriguez,44779.03,JPY,2023-08-16
7404979274,Sierra Spencer,6272.33,JPY,2024-08-21
4037008067,Zachary Moore,8719.5,GBP,2023-08-24
8752316549,Tanner Hurst,342.55,USD,2023-11-08
5028090541,Claudia Richmond,26416.46,VND,2024-07-02
4779826076,Justin Price,593.52,EUR,2025-01-31
4990577613,Jessica Robbins,4745.48,VND,2024-01-17
4409782204,Tamara Cook,37186.59,VND,2023-07-12
1391571693,Brandon Jones,15498.12,VND,2023-11-07
7245704322,Shane Cox,26953.46,GBP,2023-09-15
4571867055,Matthew Rivers,21605.28,VND,2023-10-08
5669355232,Laurie Johnson,20329.09,EUR,2024-08-13
7403989601,Julie Harris,14304.63,USD,2024-09-10
8759563484,Bryan Melendez,14747.98,EUR,2024-09-19
4568125580,Jason Smith DDS,44801.12,GBP,2024-01-27
6664729109,Anthony Mclaughlin,42375.17,GBP,2025-01-27
6207771209,Victoria Daugherty,3818.29,VND,2023-10-02
3643508480,Cassandra Lopez,6369.31,VND,2024-02-06
4611820927,Wendy Harper,2516.7,USD,2024-12-23
7014485635,Amber White,7856.19,JPY,2023-12-09
5016433910,Amanda Baker,15764.46,VND,2023-07-17
9467180398,Teresa Ritter,37200.8,GBP,2024-11-16
2713452598,Jordan Schneider,26198.94,EUR,2024-03-02
1988192627,Wanda Hendricks,40618.3,JPY,2023-05-04
2226227720,Douglas Whitney,47503.06,USD,2024-02-13
3858731606,Keith Schroeder,40142.81,USD,2023-10-08
7003962007,Kevin Garcia,47057.67,EUR,2024-03-22
8786793731,Frank Turner,9460.97,EUR,2024-04-14
9189771007,Jeanette Cherry,41779.2,EUR,2024-04-18
6205840980,Hector Torres,7720.83,VND,2024-12-08
6779158910,Jasmin Allen,4986.34,GBP,2024-08-28
2620646863,Christopher Schwartz,6233.03,EUR,2023-09-09
7871012725,Kathleen Curtis,48960.22,JPY,2025-02-02
9675872361,Mark Smith,26279.04,GBP,2023-05-09
7439475624,Erica Mccarty,43711.17,JPY,2024-12-25
2620608661,Ronald King,48954.74,EUR,2023-12-30
9692397326,Gary Simon,34130.9,EUR,2023-03-23
5558854196,Aaron Orozco,43687.64,JPY,2024-10-19
1097583688,Randy Bennett,14708.7,JPY,2023-09-17
8565728250,Brandon Mills,19714.96,USD,2025-02-04
4260646999,Jared Jackson,33865.52,EUR,2023-06-12
4703389554,Christopher Ingram,37299.2,VND,2023-10-19
8838614812,Samuel Montoya,17241.32,VND,2024-01-06
3201886492,Shelby Williamson,47845.46,VND,2023-08-02
7573484355,Michael Carter,8642.44,GBP,2024-06-17
8800907096,Destiny Campbell,43730.82,EUR,2023-07-03
5920836982,Kurt Mitchell,5738.73,USD,2025-02-05
3187697129,Ashlee Howard,21836.31,JPY,2024-11-25
6969697544,Jonathan Robles,8893.3,USD,2023-08-29
8597430765,Brendan House,33594.68,USD,2024-01-03
1221071031,Jake Burke,26754.58,USD,2023-06-28
9467902941,Michael Wheeler,38579.39,EUR,2024-02-23
2033243525,Dr. Sue Chen MD,36923.69,JPY,2023-09-10
8298223860,Joseph Avila,8619.64,JPY,2023-09-14
5391559124,Ricky Nguyen,18469.53,GBP,2024-04-15
6396473219,Jessica Wilkins,19639.41,EUR,2023-09-01
6659827581,Amanda Pham,25368.4,GBP,2023-11-21
3411454395,Donald Mills,12780.52,JPY,2025-02-18
5493031885,Sandra Hogan,49441.54,EUR,2024-11-28
1537431532,Jenna Lee,3353.93,GBP,2023-11-04
2255771921,Douglas Howell,37556.87,GBP,2023-12-21
9969847934,Maria Torres,2371.73,GBP,2024-06-21
6689537579,George Kirk,37951.2,GBP,2024-09-12
1370646770,Pamela Gordon,24204.93,GBP,2024-04-24
5921217892,Rodney Harrington,28051.48,USD,2024-08-04
5678729883,Timothy Boone,2246.84,JPY,2023-12-17
9931754235,Teresa Watkins,45483.45,JPY,2023-07-16
9315649684,James Cross,22944.01,VND,2023-11-30
7951631923,Michael Lee,34436.78,EUR,2023-03-23
3787440677,Brian Snyder,17405.32,USD,2025-02-01
3802100738,Donna Lloyd,43191.23,EUR,2024-09-15
7991314071,Jennifer Pollard,25001.9,VND,2024-12-04
5070468401,Noah Levine,36268.02,USD,2025-02-01
7283092065,Sherri Stewart,588.88,VND,2023-04-29
4426219748,Karen Graham,48474.48,USD,2023-06-30
7351098850,Ruth Williams,11401.21,USD,2024-03-18
1843856639,Donald Fowler,34915.02,VND,2024-03-03
8382061023,Lisa Johnson,7254.7,GBP,2023-05-05
3544498808,Harry Castro,26370.06,JPY,2025-02-19
6475679287,Ralph Garcia,435.3,EUR,2023-12-15
7590843149,Alex Knight,36666.28,USD,2023-07-30
5114667494,Jerry Pruitt,14914.5,GBP,2023-04-15
1004309576,Frank Sullivan,11888.33,VND,2024-01-29
1624150882,Tracy Jones,221.29,GBP,2023-04-25
9446555305,Jeffery Munoz,19493.5,VND,2024-02-29
4213783729,Katherine Mccarthy,11416.18,EUR,2024-06-20
6419875876,Matthew Mitchell,25652.92,USD,2024-06-02
3831272158,Charles Vaughan,1315.35,GBP,2024-07-17
7629806413,Emily Martinez,7743.26,USD,2023-10-08
6879758750,Mrs. Jessica Chavez,19975.3,USD,2023-08-08
3335695698,Carlos Johnson,6295.63,USD,2024-05-10
3555398283,Steven Hamilton Jr.,37235.27,USD,2024-02-01
6723117994,Antonio Wilson,37337.69,JPY,2024-09-27
9734758098,Gloria Martin,26039.82,GBP,2023-12-21
6073638234,Thomas Soto,33602.16,USD,2025-01-09
9900434682,Suzanne Orozco,27749.81,GBP,2023-06-16
7510088692,Lisa Watson,45167.29,EUR,2023-04-14
2669072529,Kelly Elliott,12545.57,VND,2024-09-10
8897177946,Wendy Lee,14242.94,JPY,2024-08-09
9857450057,Jamie Graves,9855.4,USD,2023-10-01
3666371143,Justin Young,49721.78,VND,2023-12-19
8112408584,Amber Brown,2523.28,GBP,2024-05-23
8986986662,Connie Hernandez,5468.47,GBP,2024-12-08
2582535507,Kelly Brewer,48448.44,USD,2024-04-30
6354402811,Hannah Powell,28987.94,EUR,2024-04-10
2379982112,Cynthia Jordan,2617.48,JPY,2024-03-13
3039543558,Julia Little,23313.49,VND,2024-12-11
9739873624,Charles Burton,3307.32,GBP,2024-04-12
2463793221,Susan Coffey,14753.24,GBP,2023-10-27
3345839424,Ryan Cortez,49868.46,VND,2025-01-28
9756223611,Robert Barber,36242.38,USD,2023-04-28
7374755226,Timothy Medina,32551.57,EUR,2025-03-07
6055279069,Heidi Brown,33918.81,GBP,2023-07-30
5550046790,Trevor Johns,47696.97,USD,2024-04-14
5247675363,David Rogers,17014.81,VND,2023-10-02
2862861687,Sharon Forbes,48854.7,JPY,2024-01-07
3441180347,Thomas Phillips,32270.44,EUR,2024-01-26
6641702472,Robert Bush,30966.73,JPY,2024-12-01
5906823821,Gene Williams,34947.87,USD,2024-07-30
2952186293,Gregory Holt,33260.12,VND,2023-09-27
6236783415,Denise Ho,4325.05,GBP,2024-01-03
1188272331,Theresa Edwards,27308.13,JPY,2023-08-29
8610334990,Victoria Cooper,49593.39,GBP,2023-07-22
8563025195,Mr. Joseph Pena,31216.79,EUR,2023-05-05
7198371284,Alyssa Harris,40644.13,JPY,2023-09-12
5857995939,Willie Shaw,34593.8,GBP,2023-04-21
1899142097,Charlene Bates,37668.49,VND,2023-11-01
7693613746,Yolanda Weber,41168.98,EUR,2023-04-28
8088411478,Chelsey Warren,5312.95,EUR,2023-10-11
7552026210,Julie Coleman,16563.97,JPY,2024-04-14
5625961060,Christian Nunez,39757.21,JPY,2024-09-07
9287901860,Richard Kennedy,37262.25,USD,2024-01-12
9595233600,Adam Collier,8258.03,VND,2023-12-08
9401117596,Christina Pacheco,50.89,GBP,2024-09-16
6082243925,Claire White,46309.6,GBP,2023-11-01
4501795843,Mark Sullivan,14286.0,USD,2023-12-03
9704836580,Andrew Martinez,36037.9,EUR,2024-09-08
1715974292,Diane Rice,6004.55,VND,2025-01-05
5654692193,Jeff Myers,17465.43,GBP,2025-03-03
8258391423,Erin Lopez,32243.15,JPY,2024-05-15
3925886622,Shane Burgess,27195.08,GBP,2024-09-24
7238327617,Sharon Brown,26154.32,GBP,2025-02-20
6314326590,Tim Fisher,14288.74,GBP,2025-02-18
4720452109,Taylor Stewart,500.53,GBP,2023-11-13
4421765549,Ashley Miller,37310.29,VND,2024-07-15
3709147733,Jordan Gilmore,7963.01,GBP,2024-12-16
1881324856,Victoria Hinton,15828.98,JPY,2023-09-08
6238299851,Lisa Estes,6398.34,GBP,2023-05-27
2919866536,Mrs. Melanie Ramirez,16150.24,USD,2024-04-09
3057758285,Joseph Adams,34254.2,EUR,2025-03-02
5335882792,Tiffany Parrish,23399.27,VND,2024-07-30
6573126540,Kimberly Perry,44746.51,VND,2024-03-03
5769170692,Carmen Cuevas,19627.92,GBP,2023-06-18
5813855129,Clifford Green,22994.74,GBP,2025-03-04
5123352856,Rita Schmidt,33198.1,USD,2024-08-07
6430182324,Carlos Campbell,45992.75,GBP,2023-11-09
2144520772,Stephanie Burns,48882.26,JPY,2024-12-23
2362226212,Benjamin Clark,12755.84,VND,2023-09-28
4729794713,Christy Schultz,33678.68,JPY,2023-08-05
9487654534,Terri Atkins,46151.97,GBP,2024-07-03
1313663523,Nicholas Coleman,28319.9,JPY,2024-11-07
9299276719,Victoria Ross DDS,13339.93,JPY,2024-02-19
4651212656,Anna Le,48779.05,EUR,2023-12-30
4936422336,Erika Hoffman,36305.0,VND,2023-10-12
3962942139,Natalie Medina,15431.93,VND,2023-12-26
2701142228,Dr. Julie Robinson DDS,43480.46,VND,2024-08-05
1283390360,Kevin Robinson,48987.2,JPY,2023-10-05
3092161875,Michael Salas,24294.02,GBP,2023-05-23
7692034903,Megan Sweeney,19258.25,GBP,2024-04-25
3866088544,Kevin Jones,40951.09,EUR,2023-03-13
9653172456,Brandon Davis,32326.09,EUR,2024-04-01
6182082526,Cory Wilson Jr.,42119.74,JPY,2023-11-14
6446897175,Tamara Cantrell,39252.12,VND,2024-09-25
7091123512,Robin Potts,29116.73,GBP,2023-08-05
7956077046,Evelyn Gonzales,31587.84,USD,2023-08-15
1590611720,Stephen Williams,34744.12,JPY,2024-06-22
3439484738,Joseph Parsons,34814.68,JPY,2024-03-02
8357570919,Amanda Walker,24187.76,VND,2024-06-07
7574972951,Erica Shields,31487.15,EUR,2024-02-26
1032560631,Brian Lopez,20271.94,USD,2023-06-12
6913311667,Heather Davis,33988.45,GBP,2024-01-09
8654552683,Dustin Webster,43235.16,VND,2024-09-18
7359565657,Lisa Medina,5744.83,GBP,2024-11-09
4627121647,Anita Marsh,30276.18,USD,2023-09-22
1957794927,Michael Michael,29117.83,VND,2024-07-21
4602215098,Heather Thomas,23159.37,GBP,2023-06-08
2802127752,Benjamin Lopez,461.56,JPY,2024-04-06
3466437303,Valerie Lopez,40218.77,EUR,2025-01-25
1684720618,Michael Turner,48901.91,JPY,2024-06-06
8101893127,Jonathan Scott,29399.87,EUR,2025-03-08
7342506017,James Brown,32995.43,USD,2024-06-23
7191135869,Nicole Harvey,3350.64,EUR,2024-10-20
9564433495,Travis Lutz,33915.17,JPY,2023-07-04
6800596291,Ann Bass,5372.32,VND,2024-10-01
4400433061,Amanda Wilson,5268.63,GBP,2023-03-16
7565759274,Laura Rosales,3636.88,GBP,2023-03-23
4335182956,Cory Schultz,14503.79,JPY,2023-03-17
3105679420,Joseph Rangel,48803.79,VND,2023-12-19
3375614486,Maria Smith,37341.51,GBP,2023-06-22
8077982984,Matthew Wallace,42931.85,VND,2024-01-28
1070116379,Jessica Carpenter,44653.69,VND,2023-06-03
4656328637,Timothy Dennis,43260.05,USD,2024-06-23
6347151138,Robert Hoffman,13222.58,GBP,2023-07-13
7726264424,David Brown,22414.34,VND,2023-11-05
7918677829,Nicole Fox,41328.55,JPY,2024-04-17
1096819480,Briana Jones,13679.74,USD,2024-01-02
2643146132,Jack Foster,46954.17,JPY,2024-07-24
5684053853,Charles Reed,36945.99,VND,2024-09-12
2915448684,Mary Hatfield,46842.25,GBP,2023-04-13
4192043482,Kevin Crawford,16712.0,EUR,2023-05-20
2067771797,Joseph Lutz,43959.3,JPY,2023-06-07
3565192697,Hunter Long,11362.04,USD,2025-02-10
1650515227,Juan Patterson,37287.6,USD,2024-10-05
9692616381,Joseph Williams,1838.17,JPY,2023-09-24
1796227691,Jesus Davis,41884.84,EUR,2024-12-20
6069064210,David Bonilla,3011.56,VND,2024-05-30
7647140462,Eric Smith,24845.1,USD,2024-04-14
7365350224,Andrew Stephenson,2212.87,VND,2025-03-07
8822029565,Nicole Taylor,48950.61,GBP,2024-08-08
3497913392,Dennis Nelson,44209.25,USD,2024-07-13
8721779097,John Mayer,32966.84,JPY,2024-05-06
1841626815,Brandon Hill,25871.84,GBP,2024-02-04
3409751731,Jacob Bennett,35011.58,EUR,2023-06-22
3808685081,Sarah Wright,19927.01,GBP,2023-04-26
4841583033,Robert Baker,2986.12,VND,2024-11-24
1972483929,Jessica Bullock,9799.12,JPY,2024-04-19
9451918331,David Farrell,28721.51,EUR,2023-12-08
2419402342,Lawrence Lewis,31498.06,USD,2023-04-01
7040657009,Tim Stewart,49961.32,JPY,2024-05-07
8913754588,Cindy Giles,27146.37,JPY,2024-09-15
7672930076,Tony Williams,43098.48,USD,2025-02-08
1309946518,Tina Garza,11343.11,EUR,2025-02-18
6720401574,Regina Nguyen,13413.33,EUR,2024-05-27
7491096925,Samuel White,38831.29,VND,2023-08-03
9168254399,Ashley Martin,47559.82,VND,2024-08-20
1546473113,Cesar Gilbert,31069.67,JPY,2023-08-15
8901613358,Anna Holmes,49962.58,EUR,2024-02-05
5986274754,Regina Henry,503.76,USD,2024-11-27
1890811691,Paula Hudson,1236.13,JPY,2023-09-21
1873462742,Michelle Montes,11011.4,VND,2025-02-20
9384667455,Cory Holland,3230.02,EUR,2023-04-25
4517933930,Caitlin James,31917.24,VND,2023-05-29
5553645326,James Greene,28274.51,JPY,2024-07-05
1558879788,Amber Barber,15046.85,USD,2023-05-02
6288398262,Mrs. Alicia Rice,7886.42,USD,2023-05-17
9418134826,Brett Matthews,29286.94,JPY,2024-03-12
6090502594,Steve Andrews,48001.13,EUR,2024-06-02
9109945093,Jimmy Hudson,7443.26,EUR,2024-05-15
2732916102,Caleb Day,35610.13,GBP,2024-07-09
8632872150,Kimberly Wiley,35326.51,EUR,2023-03-26
4480859706,Jeffrey May,23187.96,EUR,2023-10-20
8624049741,Danielle Christian,17011.14,GBP,2024-08-05
2548313429,Beth Burke,7273.5,VND,2024-08-13
3378675309,Rick Cox,1964.15,USD,2024-09-04
9772125803,Nicholas Dudley,33952.87,JPY,2024-04-26
9761697548,Stephanie Riley,48221.11,EUR,2024-03-16
6608419796,Gary Peterson,37694.77,GBP,2025-02-02
1877343813,David Morales,43002.86,USD,2023-03-30
5350290796,Ryan Guerrero,3983.9,VND,2023-04-14
7221932856,Chad Ochoa,46888.5,JPY,2023-06-02
7079551093,John Cunningham,46135.34,JPY,2023-11-20
4156999808,James Johnson,47802.28,USD,2024-05-10
2274614148,Kevin Perez,4618.02,GBP,2024-05-31
5143430405,Caroline Ward,29576.62,JPY,2023-05-18
2481362522,Ariel Walker,13699.31,JPY,2023-04-22
3422907415,Lori Vasquez,38564.32,JPY,2023-08-20
8807909226,Adam Alvarez,13548.71,JPY,2023-10-12
2075940827,Samantha Hudson,38742.71,EUR,2023-03-15
4393466560,Christina Davies,29295.95,JPY,2023-06-30
9883030671,Brenda Mcdonald,40957.46,EUR,2024-04-12
1952626774,Wendy Cisneros,14195.08,USD,2024-12-23
9663262276,Raymond Frost,13766.01,GBP,2023-05-02
6216175234,Susan Johns,7280.89,JPY,2024-08-04
4718756391,Brenda Hartman,40329.58,VND,2023-04-14
4216540624,Mackenzie Warren DVM,16020.2,EUR,2023-11-12
7785838783,Kristina Lindsey,47322.05,VND,2024-07-30
7660249358,Michael Mccoy,32581.32,VND,2024-07-02
5863278006,Matthew Tyler,47987.36,VND,2024-10-15
8267098144,Sharon Mckay,20158.01,VND,2023-08-14
1695201817,Angela Lee,25629.39,USD,2023-11-12
6454052430,Kristy Lopez,21013.52,USD,2023-09-24
1056708843,Monica Walker,14368.72,USD,2023-05-07
9351999561,Danny Hayes,20099.13,GBP,2023-07-23
3878354618,Miranda Martinez,815.5,USD,2025-03-05
6840880076,Carly Wright,10922.67,GBP,2023-10-20
5501184843,Anthony Watson,11665.01,EUR,2024-01-28
7684293727,Terry Adams,42766.92,USD,2024-05-11
2753168414,Ashlee Newman,33866.23,JPY,2024-10-11
1684831042,David Harris,11736.85,GBP,2023-08-13
3626856918,Amanda Dean,9070.75,JPY,2023-06-13
7072502654,Nicholas Walker,49554.63,VND,2023-10-06
4016492141,Erin Moore,6906.07,USD,2023-12-28
5716763868,James Juarez,8655.88,VND,2023-08-05
3351348557,Brooke Hodge,44722.22,EUR,2024-08-31
9250035500,Dr. Dan Flores,21787.02,GBP,2023-12-06
5448436564,Tracy Odom,25072.99,EUR,2023-10-09
4244910282,Jocelyn Walker,30250.68,JPY,2024-06-08
4246025740,Daniel Webb,11633.15,VND,2023-06-28
9817957627,Bernard Hooper,43345.62,JPY,2023-05-20
5086615494,Laura Padilla,5151.12,GBP,2023-10-30
6915752309,Erin Arnold,19990.48,VND,2023-09-22
3456477733,Annette Green,48260.3,VND,2025-02-12
5618906615,Joshua Wright,18862.2,JPY,2024-01-12
4440453748,Emily Nelson,8218.21,GBP,2024-08-01
8284959951,Mark Keith,33920.92,GBP,2023-04-20
7694758487,Bradley Alvarez,11519.19,JPY,2023-05-10
3382702950,Abigail Edwards,5326.19,GBP,2024-01-12
9528505887,Mary Collins,19738.99,GBP,2023-12-24
4292992332,Denise Lutz,27547.01,JPY,2024-10-06
6159522445,Megan Chavez,31653.21,JPY,2023-09-05
9395235584,Rachel Smith,12833.82,VND,2023-07-25
8827168940,Tanya Mcguire,40216.69,VND,2023-12-18
2669781975,Benjamin Diaz,38171.86,EUR,2025-01-26
5945540912,Stephanie Young,23657.7,JPY,2023-10-06
4351536896,Mario Anthony,2529.57,EUR,2023-10-21
1978611504,Christine Cervantes,17492.89,GBP,2024-09-23
6320510423,Marcus Anderson,44860.74,EUR,2023-10-12
2146726631,James Jones,42306.16,EUR,2023-10-09
1808658649,Charles Hall,9623.09,JPY,2023-10-14
4315385256,Sarah Smith,461.19,VND,2025-02-26
2300047081,Derek Spencer,22835.41,VND,2023-08-28
5039850626,Jacob Miles,19955.36,JPY,2023-10-11
9701597717,Claudia French,206.83,EUR,2024-04-28
9222829167,Crystal Lee,38344.62,JPY,2024-12-13
5585658824,Bryan Allen,18844.8,VND,2024-04-02
4818217912,Christian Sherman,22763.13,JPY,2024-05-29
2453314499,Melissa Ray,21982.9,VND,2024-05-11
4858463125,Scott Cruz,13825.88,EUR,2023-06-19
6802616334,James Adams,28659.25,VND,2024-04-15
6387121087,Christopher Castro,9975.87,USD,2023-12-07
1485428085,Joshua Perry,36930.72,JPY,2024-04-22
9737473720,Margaret Black,23088.83,GBP,2024-09-01
8272646403,Sean King,41111.45,VND,2025-02-23
1156667994,Donald Fry,23351.92,VND,2024-01-11
4333586492,Dale Erickson,28444.75,VND,2024-09-01
5050176690,Johnathan Reyes,4879.49,JPY,2025-01-17
3347487962,Jason Garcia,20042.14,EUR,2024-05-09
2136078683,Kayla Nunez,10628.16,GBP,2023-08-17
5121878755,Ms. Elizabeth Hernandez,31493.48,USD,2024-12-01
4431360470,Mary Spence,48182.28,JPY,2024-08-04
1226220587,Lynn Newton,39348.96,EUR,2025-01-04
8099887670,Kyle Wilkerson,21855.49,JPY,2024-11-05
6597029304,Mr. Tyler Brandt,37029.21,USD,2023-05-25
6602274573,Sarah Hawkins,23142.32,GBP,2023-03-12
5108898312,George Johnson,11438.2,VND,2023-08-02
6635214517,Karen Green,746.12,GBP,2023-11-02
3446651907,Cynthia Jenkins,21076.02,EUR,2024-01-20
3620493487,Michael Wallace,6179.42,JPY,2023-09-04
6483531814,Karl Brennan,48959.12,USD,2024-05-06
5040060094,Abigail Wright,32944.85,EUR,2024-03-13
7610740763,Erin Garcia,32865.74,VND,2024-07-06
9538259665,Eric Kramer,44720.09,EUR,2024-03-03
9654915283,Rebecca Johnson,24518.81,USD,2023-11-14
9070530994,Tracy Miller,243.17,EUR,2023-07-21
7397839001,Jean White,25338.96,GBP,2024-11-01
9567604743,Richard Hart,32201.47,EUR,2024-06-22
6396458782,Lisa Phillips,8717.93,JPY,2024-04-10
8072981961,Linda Rice MD,12805.73,USD,2023-10-21
8448982978,Karina Brock,43319.15,USD,2023-05-02
5213318124,Morgan Wheeler,33680.06,VND,2024-05-21
8232125949,Sergio Mitchell,39630.74,USD,2024-10-05
5374467844,Jacqueline Flores,8406.58,EUR,2023-06-17
3997447825,Jessica Clements,17120.97,GBP,2023-07-15
2648466610,Elizabeth Reyes,42687.03,JPY,2024-01-05
9607707191,Brett Willis,21965.57,GBP,2023-09-12
9931002463,Gail Montgomery,20648.53,VND,2023-11-27
7945496482,Lawrence Chang,23782.12,VND,2023-11-30
7292764686,Katelyn Knapp,31621.67,GBP,2024-03-10
4313654539,Nichole Barnes,19421.72,GBP,2025-02-10
1057626046,William Fletcher,21741.5,JPY,2024-04-11
3649623500,Joseph Barrett,13868.76,GBP,2024-03-31
7588717282,James Jones,21710.04,USD,2024-02-11
1158680652,Zachary Peterson MD,47902.11,JPY,2024-10-09
8763885760,Michael Dorsey,1562.73,JPY,2024-06-24
8539362474,Joseph Mckinney,19359.32,GBP,2024-10-02
8721572137,Rodney Boyer,24304.26,GBP,2024-07-19
8552296978,Paul Stein,13612.95,EUR,2023-12-29
4138018886,Joseph Mercer,19750.26,VND,2024-06-06
9742912684,Michael Perez,34999.38,JPY,2024-06-25
1834335446,Ariel Nelson,33200.08,JPY,2023-12-23
3065688575,Mikayla Roberson,8503.0,USD,2023-03-12
9514237237,Michelle Garza,16590.1,EUR,2024-04-25
5734878581,Anthony Vang,12262.52,GBP,2023-07-01
9060327327,Michele Brown,26060.51,JPY,2025-01-04
5831343667,Daniel Roberts,1825.04,GBP,2023-06-19
8411418242,Noah Campbell,32640.12,EUR,2024-03-14
6779239372,Michael Snyder,45378.14,EUR,2023-10-28
1096006921,Laura Figueroa,33826.38,JPY,2024-11-12
3020095263,Katrina Allen,19642.56,VND,2024-03-14
7981934076,Rachel Lutz,41016.09,EUR,2023-12-18
3880005745,Juan Chambers,3111.68,VND,2023-10-12
6401874174,Michelle Black,43957.88,JPY,2024-02-14
3336088600,Craig Peterson,28347.26,EUR,2024-09-03
2301253240,Heidi Willis,30432.07,VND,2023-06-27
1065584708,Krista Rogers,17590.48,JPY,2024-12-07
4065325141,Jason Taylor,41176.25,EUR,2024-06-22
5038441650,Danielle Peterson,2146.4,GBP,2023-05-11
6313378968,Amy Fisher,44898.71,VND,2024-06-30
6697871492,Daniel Black,21113.12,EUR,2024-03-07
4773702565,Heather Hunter,6306.94,USD,2023-07-31
1304499085,Monica Pena,49243.63,JPY,2024-07-29
2715690795,Dave Smith,9240.91,USD,2023-10-22
2886311199,Lindsey Collier,44592.25,GBP,2024-01-28
6459663586,Victoria Beck,18371.96,USD,2025-01-16
9518765182,Danny Garcia,5130.48,GBP,2023-10-29
4432136065,Heidi Mccall,32520.37,VND,2024-05-18
9743338206,William Bernard,49949.74,EUR,2023-06-02
4263068080,Keith Vincent,33911.95,USD,2023-06-12
8010045409,Edwin Lynch,33316.34,USD,2024-08-16
6012448173,Cindy Lin,28927.92,USD,2024-01-25
8146240517,Cynthia Mullins,18287.74,GBP,2024-04-07
5935891935,Mrs. Miranda Miller,11164.2,JPY,2025-02-19
1940374921,Anna Khan,42439.91,EUR,2023-06-03
5919893718,Elizabeth Adams,46792.59,JPY,2024-05-02
5882949311,Robert Riggs,14460.81,EUR,2023-03-22
3014867137,Kevin Hebert,42535.58,VND,2024-10-04
5200546799,Mr. Brian Miller,9162.5,USD,2024-05-29
5357550227,Denise Figueroa,41195.92,GBP,2023-04-10
9362195133,Richard Mills,11608.05,USD,2024-07-29
9471326300,Susan Jones,30869.97,VND,2023-03-13
2311197338,Christopher Pittman,41271.43,VND,2023-09-26
6843978121,Christopher Peterson,9226.42,EUR,2023-12-27
7121232901,Mary Gordon,43951.73,VND,2023-12-31
9960514501,Nathaniel Griffin,20242.98,EUR,2023-12-09
9657311987,James Henry,20813.1,USD,2023-09-02
6842935040,David Kelly,36610.93,GBP,2024-03-08
5139878335,Kathryn Bradley,6147.49,EUR,2025-02-07
5706815807,Amber Waters,32792.37,JPY,2023-04-03
2035934882,Sarah Jones,48517.71,USD,2024-11-01
9299060809,Sarah Coleman,37354.08,JPY,2025-01-07
9177823124,Tracy Mathews,6962.1,USD,2024-08-27
5596393374,Jaime Lewis,40417.03,EUR,2024-10-20
5614039092,Patrick Ferrell,48860.16,USD,2024-11-14
1796458048,Christina Clay,16604.27,JPY,2024-07-04
1560063569,Daniel Irwin,35292.65,JPY,2024-05-25
9581471444,Stephanie Porter,4504.96,GBP,2024-11-17
8652542731,Daniel Farmer,40418.63,GBP,2024-01-01
3870221593,Annette Ortiz,11360.64,VND,2023-10-01
2032923897,Joel Williamson,6018.85,VND,2023-07-10
4291403359,William Watts,13842.34,VND,2024-03-14
4243119023,Larry Mendoza Jr.,46065.25,GBP,2024-12-19
4782682121,Lance Valentine,14378.59,EUR,2025-02-03
6171135497,David Ingram,40809.69,EUR,2024-01-04
5855827340,Pamela Torres,25713.28,GBP,2025-01-25
8207026596,Adrienne Norman,4752.74,VND,2023-10-07
6857086215,Stacey Thomas,16223.1,JPY,2023-03-25
5095934123,Steven Bass IV,30955.59,USD,2024-06-13
6247072317,David Griffith,44025.38,VND,2024-12-13
5541525716,Allison Brown,31617.82,JPY,2024-06-22
9937218187,Daniel Conrad,25782.31,USD,2024-09-01
8649820127,Jonathan Harmon,26952.96,USD,2024-12-11
2758059260,Amanda Newman,41992.01,VND,2025-01-31
3142831837,Allison Rice,9295.8,USD,2023-07-14
9431942652,Ryan Medina,16254.54,USD,2024-05-03
5847530293,Robert Morris,42943.54,GBP,2023-06-02
7852772206,Brenda Burke,19945.22,JPY,2023-07-05
2769908021,Micheal Wheeler,30712.87,VND,2025-02-11
4755914694,Mary Jackson,26536.73,GBP,2024-04-03
7130237219,Christopher Rodriguez,17570.05,JPY,2024-08-04
1758207006,Jennifer Moses,16529.84,VND,2024-03-28
8750614301,Ian Hale,35474.58,USD,2023-10-07
2489670344,Alan Jefferson,6474.45,JPY,2024-05-10
5845729688,Austin Gilbert,33912.7,VND,2024-11-03
9512411369,Sylvia Miller,47683.52,JPY,2024-07-12
7935281140,Roger Solis,1884.6,EUR,2024-07-27
7956947878,Dennis Bennett,9986.1,GBP,2023-12-04
7622018216,Paul Garcia,546.73,EUR,2023-06-20
4375855733,Michael Davis,36397.1,VND,2023-12-12
9762325503,Craig Perez,34713.88,GBP,2024-08-12
7159700601,Robert Hayes,42747.23,USD,2024-07-07
9705725709,Brandon Harrison,32061.37,JPY,2023-05-02
5281847611,Kelli Mcpherson,41654.69,JPY,2023-09-22
3261314001,Heather Kline,39248.63,GBP,2023-05-29
1308515450,Adam Salazar,1901.76,USD,2025-02-14
8395088119,Randy Burke,13756.57,USD,2024-04-20
3956852898,Patricia Oneill,16230.72,JPY,2023-06-18
9092791920,Thomas Williams,33631.01,VND,2024-08-18
5300950649,Robert Martinez,28290.79,GBP,2023-11-16
6148138048,Matthew Flores,32948.09,USD,2024-06-02
6232808682,Lee Martinez,1283.49,EUR,2023-07-16
7917043131,Ralph Harrison,23405.94,VND,2023-05-13
8618334231,Jacqueline Robinson,43799.78,JPY,2023-03-29
6020637453,Emily Wells,34764.94,USD,2024-06-28
